{"cameraMode":{"drawMode":0,"name":"Shaded","section":"Shading Mode"},"sceneLighting":true,"audioPlay":false,"sceneViewState":{"showFog":true,"showMaterialUpdate":false,"showSkybox":true,"showFlares":true,"showImageEffects":true,"showParticleSystems":true,"showVisualEffectGraphs":true,"m_FxEnabled":true},"in2DMode":false,"pivot":{"x":-0.008805155754089356,"y":0.19625800848007203,"z":-0.10587775707244873},"rotation":{"x":-0.060841649770736697,"y":0.9185448884963989,"z":-0.1560765504837036,"w":-0.35806629061698916},"size":4.965068817138672,"orthographic":false}