{"cameraMode":{"drawMode":0,"name":"Shaded","section":"Shading Mode"},"sceneLighting":true,"audioPlay":false,"sceneViewState":{"showFog":true,"showMaterialUpdate":false,"showSkybox":true,"showFlares":true,"showImageEffects":true,"showParticleSystems":true,"showVisualEffectGraphs":true,"m_FxEnabled":true},"in2DMode":false,"pivot":{"x":-0.425262451171875,"y":1.2014765739440919,"z":-0.34687328338623049},"rotation":{"x":-0.07510138303041458,"y":0.9054798483848572,"z":-0.18054437637329102,"w":-0.3766542673110962},"size":10.144522666931153,"orthographic":false}